Step	Training Loss
5	2.274500
10	1.350400
15	0.680300
20	0.385100
